{"text": " A trav\u00e9s de todo nuestro historial de conversaci\u00f3n y mirar qu\u00e9 cosas faltan para a\u00f1adir al ba\u00falt y a\u00f1adir las que falten. Bueno, te ir\u00e1 actualiz\u00e1ndolo sobre la marcha.", "segments": [{"id": 0, "seek": 0, "start": 0.0, "end": 4.0, "text": " A trav\u00e9s de todo nuestro historial de conversaci\u00f3n", "tokens": [50364, 316, 24463, 368, 5149, 14726, 4058, 831, 368, 2615, 3482, 50564], "temperature": 0.0, "avg_logprob": -0.43576982671564274, "compression_ratio": 1.2681159420289856, "no_speech_prob": 0.08031114935874939}, {"id": 1, "seek": 0, "start": 4.0, "end": 7.0, "text": " y mirar qu\u00e9 cosas faltan para a\u00f1adir al ba\u00falt", "tokens": [50564, 288, 3149, 289, 8057, 12218, 37108, 282, 1690, 44980, 347, 419, 4773, 2481, 2282, 50714], "temperature": 0.0, "avg_logprob": -0.43576982671564274, "compression_ratio": 1.2681159420289856, "no_speech_prob": 0.08031114935874939}, {"id": 2, "seek": 0, "start": 7.0, "end": 9.0, "text": " y a\u00f1adir las que falten.", "tokens": [50714, 288, 44980, 347, 2439, 631, 3704, 1147, 13, 50814], "temperature": 0.0, "avg_logprob": -0.43576982671564274, "compression_ratio": 1.2681159420289856, "no_speech_prob": 0.08031114935874939}, {"id": 3, "seek": 0, "start": 9.0, "end": 11.0, "text": " Bueno, te ir\u00e1 actualiz\u00e1ndolo sobre la marcha.", "tokens": [50814, 16046, 11, 535, 3418, 842, 3539, 590, 18606, 7902, 5473, 635, 8368, 64, 13, 50914], "temperature": 0.0, "avg_logprob": -0.43576982671564274, "compression_ratio": 1.2681159420289856, "no_speech_prob": 0.08031114935874939}], "language": "es"}