{"text": " No estoy en casa y no tengo acceso al dashboard, entonces me he dicho que lo hagas t\u00fa mismo. Apayate como sea, pero mandame las capturas.", "segments": [{"id": 0, "seek": 0, "start": 0.0, "end": 4.2, "text": " No estoy en casa y no tengo acceso al dashboard, entonces me he dicho que lo hagas t\u00fa mismo.", "tokens": [50364, 883, 15796, 465, 9022, 288, 572, 13989, 49284, 419, 18342, 11, 13003, 385, 415, 27346, 631, 450, 324, 10549, 15056, 12461, 13, 50574], "temperature": 0.0, "avg_logprob": -0.37876503467559813, "compression_ratio": 1.2212389380530972, "no_speech_prob": 0.11492858827114105}, {"id": 1, "seek": 0, "start": 4.2, "end": 7.2, "text": " Apayate como sea, pero mandame las capturas.", "tokens": [50574, 8723, 320, 473, 2617, 4158, 11, 4768, 7411, 529, 2439, 3770, 12907, 13, 50724], "temperature": 0.0, "avg_logprob": -0.37876503467559813, "compression_ratio": 1.2212389380530972, "no_speech_prob": 0.11492858827114105}], "language": "es"}