{"text": " En ese trabajo de investigaci\u00f3n manda Roberto a hacer ese trabajo de investigaci\u00f3n. Manda luego Andr\u00e9s a detectar patrones que est\u00e1 haciendo la gente exitosa dentro de Skull y me necesito que me generes dos documentos y que sobre esos documentos trabajes y dise\u00f1es un plan detallado del glossado en micro tareas.", "segments": [{"id": 0, "seek": 0, "start": 0.0, "end": 4.0, "text": " En ese trabajo de investigaci\u00f3n manda Roberto a hacer ese trabajo de investigaci\u00f3n.", "tokens": [50364, 2193, 10167, 18099, 368, 48919, 7411, 64, 40354, 257, 6720, 10167, 18099, 368, 48919, 13, 50564], "temperature": 0.0, "avg_logprob": -0.3281621344295549, "compression_ratio": 1.5771144278606966, "no_speech_prob": 0.05009645223617554}, {"id": 1, "seek": 0, "start": 4.0, "end": 9.0, "text": " Manda luego Andr\u00e9s a detectar patrones que est\u00e1 haciendo la gente exitosa dentro de Skull", "tokens": [50564, 376, 5575, 17222, 400, 18981, 257, 5531, 289, 21843, 279, 631, 3192, 20509, 635, 3788, 11043, 6447, 10856, 368, 7324, 858, 50814], "temperature": 0.0, "avg_logprob": -0.3281621344295549, "compression_ratio": 1.5771144278606966, "no_speech_prob": 0.05009645223617554}, {"id": 2, "seek": 0, "start": 9.0, "end": 13.0, "text": " y me necesito que me generes dos documentos y que sobre esos documentos trabajes", "tokens": [50814, 288, 385, 11909, 3528, 631, 385, 1337, 279, 4491, 4166, 329, 288, 631, 5473, 22411, 4166, 329, 9618, 279, 51014], "temperature": 0.0, "avg_logprob": -0.3281621344295549, "compression_ratio": 1.5771144278606966, "no_speech_prob": 0.05009645223617554}, {"id": 3, "seek": 0, "start": 13.0, "end": 16.0, "text": " y dise\u00f1es un plan detallado del glossado en micro tareas.", "tokens": [51014, 288, 3814, 2791, 279, 517, 1393, 1141, 336, 1573, 1103, 19574, 1573, 465, 4532, 49423, 296, 13, 51164], "temperature": 0.0, "avg_logprob": -0.3281621344295549, "compression_ratio": 1.5771144278606966, "no_speech_prob": 0.05009645223617554}], "language": "es"}