{"text": " Y por cierto, cada vez que Roberto o Andr\u00e9s termina en un trabajo, not\u00edficame por aqu\u00ed.", "segments": [{"id": 0, "seek": 0, "start": 0.0, "end": 7.0, "text": " Y por cierto, cada vez que Roberto o Andr\u00e9s termina en un trabajo, not\u00edficame por aqu\u00ed.", "tokens": [50364, 398, 1515, 28558, 11, 8411, 5715, 631, 40354, 277, 400, 18981, 1433, 1426, 465, 517, 18099, 11, 406, 870, 1786, 529, 1515, 6661, 13, 50714], "temperature": 0.0, "avg_logprob": -0.4246609652483905, "compression_ratio": 0.9782608695652174, "no_speech_prob": 0.020729903131723404}], "language": "es"}