{"text": " Vale, perfecto, al frente. Necesito que te coordines t\u00fa y que te pongas a pensar c\u00f3mo podemos empezar a implementar el desarrollo de la aplicaci\u00f3n, que fase tiene, que vamos a necesitar para ello, si necesitas que Roberto lo haga, haga alguna investigaci\u00f3n adicional, mandale que la haga, ese tipo de cosas. Y empieza a ser proactivo y a demostrarme que puedes gestinar proyectos sin que yo te lo diga.", "segments": [{"id": 0, "seek": 0, "start": 0.0, "end": 22.0, "text": " Vale, perfecto, al frente. Necesito que te coordines t\u00fa y que te pongas a pensar c\u00f3mo podemos empezar a implementar el desarrollo de la aplicaci\u00f3n, que fase tiene, que vamos a necesitar para ello, si necesitas que Roberto lo haga, haga alguna investigaci\u00f3n adicional, mandale que la haga, ese tipo de cosas.", "tokens": [50364, 26415, 11, 2176, 78, 11, 419, 19873, 13, 1734, 887, 3528, 631, 535, 8285, 279, 15056, 288, 631, 535, 36164, 296, 257, 18321, 12826, 12234, 31168, 257, 4445, 289, 806, 38295, 368, 635, 18221, 3482, 11, 631, 33931, 7066, 11, 631, 5295, 257, 11909, 3981, 1690, 33549, 11, 1511, 11909, 14182, 631, 40354, 450, 46726, 11, 46726, 20651, 48919, 614, 33010, 11, 7411, 1220, 631, 635, 46726, 11, 10167, 9746, 368, 12218, 13, 51464], "temperature": 0.0, "avg_logprob": -0.32669191236619827, "compression_ratio": 1.5396039603960396, "no_speech_prob": 0.3217702805995941}, {"id": 1, "seek": 2200, "start": 22.0, "end": 30.0, "text": " Y empieza a ser proactivo y a demostrarme que puedes gestinar proyectos sin que yo te lo diga.", "tokens": [50364, 398, 44577, 257, 816, 447, 578, 6340, 288, 257, 41556, 5352, 1398, 631, 19010, 7219, 6470, 23832, 329, 3343, 631, 5290, 535, 450, 2528, 64, 13, 50764], "temperature": 0.0, "avg_logprob": -0.297581278044602, "compression_ratio": 1.1604938271604939, "no_speech_prob": 0.14503543078899384}], "language": "es"}