{"text": " Hola Alfred, \u00bfpuedes mandar una captura de pantalla de la oficina por paz?", "segments": [{"id": 0, "seek": 0, "start": 0.0, "end": 4.0, "text": " Hola Alfred, \u00bfpuedes mandar una captura de pantalla de la oficina por paz?", "tokens": [50364, 22637, 28327, 11, 3841, 79, 5827, 279, 48689, 2002, 3770, 2991, 368, 44449, 368, 635, 295, 299, 1426, 1515, 30032, 30, 50564], "temperature": 0.0, "avg_logprob": -0.3369840780893962, "compression_ratio": 0.9868421052631579, "no_speech_prob": 0.06172749400138855}], "language": "es"}