{"text": " Alfred, \u00bfpuedes verificarme cu\u00e1les son los pr\u00f3ximos grondiops que se van a ejecutar?", "segments": [{"id": 0, "seek": 0, "start": 0.0, "end": 5.0, "text": " Alfred, \u00bfpuedes verificarme cu\u00e1les son los pr\u00f3ximos grondiops que se van a ejecutar?", "tokens": [50364, 28327, 11, 3841, 79, 5827, 279, 1306, 25625, 1398, 2702, 842, 904, 1872, 1750, 12389, 329, 677, 684, 72, 3370, 631, 369, 3161, 257, 39564, 6672, 289, 30, 50614], "temperature": 0.0, "avg_logprob": -0.4239817896196919, "compression_ratio": 0.9886363636363636, "no_speech_prob": 0.07139477133750916}], "language": "es"}