{"text": " Vale, mira, quiero que me mont\u00e9 esta vez para lo del benchmarking, los lead magnet high converting, un guion preliminar de la WSL, aunque tendremos que darle forma porque te tengo que decir m\u00e1s cosas sobre el contenido, y luego el pricing psychology tambi\u00e9n quiero que hagas de eso, los nombres branding de la comunidad tan bien, canal de captaci\u00f3n tan bien, link de inorganic rich tan bien, quiero que sobre todo empecemos por los primeros pasos para hacer un lanzamiento de una comunidad, investiga que hace falta para esto, y cu\u00e1les son los primeros pasos que hay que dar l\u00f3gicos para garantizar el \u00e9xito, denrelos a esto en micro tareas y ver realiz\u00e1ndolas en tu sesi\u00f3n de trabajo nocturno, tenemos que ir construy\u00e9ndolo poco a poco, pasito a pasito para ir dando forma a las cosas que vengan despu\u00e9s,", "segments": [{"id": 0, "seek": 0, "start": 0.0, "end": 12.0, "text": " Vale, mira, quiero que me mont\u00e9 esta vez para lo del benchmarking, los lead magnet high converting, un guion preliminar de la WSL,", "tokens": [50364, 26415, 11, 30286, 11, 16811, 631, 385, 8143, 526, 5283, 5715, 1690, 450, 1103, 18927, 278, 11, 1750, 1477, 15211, 1090, 29942, 11, 517, 695, 313, 26414, 6470, 368, 635, 343, 47012, 11, 50964], "temperature": 0.0, "avg_logprob": -0.4216511491416157, "compression_ratio": 1.4321608040201006, "no_speech_prob": 0.27779150009155273}, {"id": 1, "seek": 0, "start": 12.0, "end": 22.0, "text": " aunque tendremos que darle forma porque te tengo que decir m\u00e1s cosas sobre el contenido, y luego el pricing psychology tambi\u00e9n quiero que hagas de eso,", "tokens": [50964, 21962, 3928, 28343, 631, 37666, 8366, 4021, 535, 13989, 631, 10235, 3573, 12218, 5473, 806, 47117, 11, 288, 17222, 806, 17621, 15105, 6407, 16811, 631, 324, 10549, 368, 7287, 11, 51464], "temperature": 0.0, "avg_logprob": -0.4216511491416157, "compression_ratio": 1.4321608040201006, "no_speech_prob": 0.27779150009155273}, {"id": 2, "seek": 2200, "start": 22.0, "end": 35.0, "text": " los nombres branding de la comunidad tan bien, canal de captaci\u00f3n tan bien, link de inorganic rich tan bien,", "tokens": [50364, 1750, 297, 29947, 27279, 368, 635, 35695, 7603, 3610, 11, 9911, 368, 3770, 3482, 7603, 3610, 11, 2113, 368, 294, 12372, 299, 4593, 7603, 3610, 11, 51014], "temperature": 0.0, "avg_logprob": -0.5175442059834798, "compression_ratio": 1.329268292682927, "no_speech_prob": 0.1517713963985443}, {"id": 3, "seek": 3500, "start": 35.0, "end": 46.0, "text": " quiero que sobre todo empecemos por los primeros pasos para hacer un lanzamiento de una comunidad,", "tokens": [50364, 16811, 631, 5473, 5149, 846, 494, 38173, 1515, 1750, 12595, 329, 1736, 329, 1690, 6720, 517, 38363, 16971, 368, 2002, 35695, 11, 50914], "temperature": 0.0, "avg_logprob": -0.2008063316345215, "compression_ratio": 1.5, "no_speech_prob": 0.06751721352338791}, {"id": 4, "seek": 3500, "start": 46.0, "end": 54.0, "text": " investiga que hace falta para esto, y cu\u00e1les son los primeros pasos que hay que dar l\u00f3gicos para garantizar el \u00e9xito,", "tokens": [50914, 4557, 64, 631, 10032, 22111, 1690, 7433, 11, 288, 2702, 842, 904, 1872, 1750, 12595, 329, 1736, 329, 631, 4842, 631, 4072, 48475, 9940, 1690, 22251, 9736, 806, 1136, 87, 3528, 11, 51314], "temperature": 0.0, "avg_logprob": -0.2008063316345215, "compression_ratio": 1.5, "no_speech_prob": 0.06751721352338791}, {"id": 5, "seek": 5400, "start": 54.0, "end": 61.0, "text": " denrelos a esto en micro tareas y ver realiz\u00e1ndolas en tu sesi\u00f3n de trabajo nocturno,", "tokens": [50364, 1441, 4419, 329, 257, 7433, 465, 4532, 49423, 296, 288, 1306, 22828, 18606, 14104, 465, 2604, 5385, 2560, 368, 18099, 572, 349, 374, 1771, 11, 50714], "temperature": 0.0, "avg_logprob": -0.34419786519017714, "compression_ratio": 1.3888888888888888, "no_speech_prob": 0.1051957979798317}, {"id": 6, "seek": 5400, "start": 61.0, "end": 69.0, "text": " tenemos que ir construy\u00e9ndolo poco a poco, pasito a pasito para ir dando forma a las cosas que vengan despu\u00e9s,", "tokens": [50714, 9914, 631, 3418, 12946, 88, 34577, 7902, 10639, 257, 10639, 11, 1736, 3528, 257, 1736, 3528, 1690, 3418, 29854, 8366, 257, 2439, 12218, 631, 6138, 1275, 15283, 11, 51114], "temperature": 0.0, "avg_logprob": -0.34419786519017714, "compression_ratio": 1.3888888888888888, "no_speech_prob": 0.1051957979798317}], "language": "es"}