{"text": " Pero te faltan dos pesta\u00f1as, la del bauult y la de la oficina. Entonces, necesito nuestro dashboard. Nuestro dashboard donde gestionamos todo. Esto es independiente a la mandarme capturas de cada pesta\u00f1a.", "segments": [{"id": 0, "seek": 0, "start": 0.0, "end": 8.0, "text": " Pero te faltan dos pesta\u00f1as, la del bauult y la de la oficina.", "tokens": [50364, 9377, 535, 37108, 282, 4491, 280, 7841, 32448, 11, 635, 1103, 272, 1459, 723, 288, 635, 368, 635, 295, 299, 1426, 13, 50764], "temperature": 0.0, "avg_logprob": -0.3322345018386841, "compression_ratio": 1.4305555555555556, "no_speech_prob": 0.10803710669279099}, {"id": 1, "seek": 0, "start": 8.0, "end": 12.0, "text": " Entonces, necesito nuestro dashboard.", "tokens": [50764, 15097, 11, 11909, 3528, 14726, 18342, 13, 50964], "temperature": 0.0, "avg_logprob": -0.3322345018386841, "compression_ratio": 1.4305555555555556, "no_speech_prob": 0.10803710669279099}, {"id": 2, "seek": 0, "start": 12.0, "end": 14.0, "text": " Nuestro dashboard donde gestionamos todo.", "tokens": [50964, 426, 11493, 340, 18342, 10488, 7219, 313, 2151, 5149, 13, 51064], "temperature": 0.0, "avg_logprob": -0.3322345018386841, "compression_ratio": 1.4305555555555556, "no_speech_prob": 0.10803710669279099}, {"id": 3, "seek": 0, "start": 14.0, "end": 17.0, "text": " Esto es independiente a la mandarme capturas de cada pesta\u00f1a.", "tokens": [51064, 20880, 785, 4819, 8413, 257, 635, 7411, 35890, 3770, 12907, 368, 8411, 280, 7841, 12150, 13, 51214], "temperature": 0.0, "avg_logprob": -0.3322345018386841, "compression_ratio": 1.4305555555555556, "no_speech_prob": 0.10803710669279099}], "language": "es"}